[{"model": "main.parameters", "pk": 1, "fields": {"contact_email": "JohnSmith@abc.edu", "experiment_time_zone": "US/Pacific", "site_url": "http://localhost:8000", "invitation_text": "<p>Text Here</p>", "invitation_subject": "Text Here", "default_parameter_set": 1, "timestamp": "2025-04-25T17:03:14.474Z", "updated": "2025-04-28T16:30:14.035Z"}}, {"model": "main.profile", "pk": 1, "fields": {"can_edit_instructions": false, "mfa_hash": null, "mfa_required": false, "mfa_setup_complete": false, "timestamp": "2025-04-25T17:03:13.480Z", "updated": "2025-04-25T17:03:13.480Z"}}, {"model": "main.helpdocs", "pk": 1, "fields": {"title": "Staff Control", "text": "<p><strong>Start Session:&nbsp;</strong>Starts the session, and the subject screens will switch to the experiment's first phase.</p>\r\n<p><strong>Continue Session:&nbsp;</strong>Once all subjects have (optionally) completed the instructions, start the experiment. The instructions will be hidden, and the first period will start.</p>\r\n<p><strong>Start/Stop Timer:&nbsp;</strong>Once the experiment is started, press the Start Timer button to begin the clock. The clock runs inside the connection for the browser tab that pressed the Start Timer button. The clock will stop if that browser tab is refreshed or loses connection with the server. If this happens, press Stop Timer and then Start Timer to resume from the point the clock stopped. The experiment's progress is stored on the server and will not be lost.</p>\r\n<p><strong>Reset Connection Status:&nbsp;</strong>Sets all client connection statuses to \"disconnected.\" Note that this will not disconnect any connected clients. This only changes the status. This will re-open all clients to auto connection.</p>\r\n<p><strong>Reset Session:&nbsp;&nbsp;</strong>Remove all data and reset the experiment to the pre-start state. <span style=\"text-decoration: underline;\">Warning: all data collected is destroyed.</span></p>\r\n<p><strong>Send Invitations:&nbsp;&nbsp;</strong>Send an email to any subjects that have an email defined. The email will contain their private login link.</p>", "timestamp": "2025-04-28T16:51:35.629Z", "updated": "2025-04-28T16:51:35.629Z"}}, {"model": "main.helpdocs", "pk": 2, "fields": {"title": "Staff Data", "text": "<p>All</p>\r\n<ul>\r\n<li>Session ID: A unique ID number assigned to each session by the server.</li>\r\n<li>Client #: Each subject in the experiment is assigned a client number based on the computer they are sitting at.</li>\r\n<li>Label: The name given to each subject that is used to identify them from other subjects in the experiment.</li>\r\n</ul>\r\n<p>Period Summary</p>\r\n<ul>\r\n<li>Earnings: Earnings in cents this period.</li>\r\n<li>Range End: Right edge of the subject's range.</li>\r\n<li>Cherries Sent/Received: A record of cherries sent and taken from each person.</li>\r\n</ul>\r\n<p>Actions:</p>\r\n<ul>\r\n<li>Action\r\n<ul>\r\n<li>target_location_update: The subject moves to a new location.</li>\r\n<li>chat: The subject talks to other subjects.</li>\r\n<li>tractor_beam: The subject starts an interaction.</li>\r\n<li>interaction: The subject completes an interaction.</li>\r\n<li>help_doc: The subject views a help doc.</li>\r\n</ul>\r\n</li>\r\n<li>Info (Plain): Plain text info about the action</li>\r\n<li>Info (JSON): The raw data related to that action.</li>\r\n<li>Timestamp: UTC time the action was taken,</li>\r\n</ul>", "timestamp": "2025-04-28T17:13:56.133Z", "updated": "2025-04-28T17:40:14.903Z"}}, {"model": "main.helpdocs", "pk": 3, "fields": {"title": "Staff Subject List", "text": "<p><span style=\"text-decoration: underline;\"><strong>Controls</strong></span></p>\r\n<p><strong>Upload Email list:&nbsp;</strong>Enter a TAB, comma, and/or carriage return-separated list that will be loaded sequentially into the clients.&nbsp;&nbsp;</p>\r\n<p><strong>Copy Earnings:&nbsp;</strong>Copy Student IDs and Earnings to the clipboard in an ESI Recruiter-compatible format.</p>\r\n<p><strong>Anonymize Data:</strong> <span style=\"text-decoration: underline;\">Permanently</span> remove the subject names, emails, and student IDs from the dataset.</p>\r\n<p>&nbsp;</p>\r\n<p><span style=\"text-decoration: underline;\"><strong>Table</strong></span></p>\r\n<p><strong>Client #:</strong>&nbsp; Each client is numbered from 1 to 24.</p>\r\n<p><strong>ID Label:</strong> The label used to identify a person to others in the experiment.</p>\r\n<p><strong>Name:</strong>&nbsp;Subject's full name.</p>\r\n<p><strong>Student ID:&nbsp;</strong>Subject's student ID number.</p>\r\n<p><strong>Email:&nbsp;</strong>Email address to which to send private invitation links.</p>\r\n<p><strong>Earnings:&nbsp;</strong>Earnings in USD up to this point in the experiment.</p>\r\n<p><strong>Shareable Login Link: </strong>The unique link a person in the experiment uses to log in.</p>\r\n<p><strong>Connected: </strong>The client's connection status to the experiment.</p>\r\n<p><strong>Instruction:&nbsp;</strong>During the instruction phase, this shows the current instruction status for the subject.</p>\r\n<p><strong>Instructions&nbsp;View:</strong> View the instructions in a printable form from that person's perspective.</p>\r\n<p><span style=\"text-decoration: underline;\"><strong>Login</strong></span></p>\r\n<p><strong>Next available connection:&nbsp;</strong>Log in as the next available client who is not connected.&nbsp; Note that a subject could log in multiple times by opening this link in multiple windows. This link auto-forwards to the Shareable Login Link defined above.</p>\r\n<p><strong>Login by client number: </strong>Log in as specified client by number.&nbsp; Replace [client_number]\" in the link with the desired client number ranging from 1 to 24.&nbsp; Note that a person could log in as any client by changing the client_number. This link auto-forwards to the Shareable Login Link defined above.</p>", "timestamp": "2025-04-28T17:42:58.280Z", "updated": "2025-04-28T17:42:58.280Z"}}, {"model": "main.helpdocs", "pk": 4, "fields": {"title": "Staff Parameters General", "text": "<p><strong>Number of Periods</strong>: The total number of periods.</p>\r\n<p><strong>Period Length (seconds)</strong>: The length of a period in seconds.</p>\r\n<p><strong>Break Frequency (periods)</strong>: Every N period starts with an additional break phase where interactions are disabled.</p>\r\n<p><strong>Break Length (seconds)</strong>: Length of the break phase.</p>\r\n<p><span style=\"box-sizing: border-box; margin: 0px; padding: 0px;\"><strong>Interaction Length (seconds)</strong>: An interaction must be completed within this time before it is automatically closed.</span></p>\r\n<p><strong>Cool Down Length (seconds)</strong>: The time a subject must wait before starting a new interaction.</p>\r\n<p><strong>Show Instructions</strong>: Start the experiment with an instruction phase.</p>\r\n<p><strong>Show Survey</strong>: Begin the experiment with a Qualtrics survey.<br><br><strong>Prolific Mode</strong>: Run the session in Prolific compatibility mode.<br><br><strong>Tokens per Period</strong>: The number of cherries available each period.</p>\r\n<p><strong>Token Value (&cent;)</strong>: The value of a cherry in cents.</p>\r\n<p><strong>Interaction Range (Pixels)</strong>: An avatar must be at least this close to start an interaction.</p>\r\n<p><strong>Avatar Scale</strong>: The size of an avatar.</p>\r\n<p><strong>Avatar Bounding Box Percent</strong>: The invisible box around an avatar that prevents overlapping.</p>\r\n<p><strong>Avatar Move Speed (pixels per second)</strong>: The speed at which an avatar moves around the environment.</p>\r\n<p><strong>Avatar Animation Speed</strong>: The speed at which the avatar's animation runs when in motion.</p>\r\n<p><strong>World Width (pixels)</strong>: The total width of the environment.</p>\r\n<p><strong>World Height (pixels)</strong>: The total height of the environment.</p>\r\n<p><strong>Test Mode</strong>: The avatars will take random actions for testing purposes.</p>", "timestamp": "2025-04-28T18:37:45.591Z", "updated": "2025-04-28T18:37:45.591Z"}}, {"model": "main.helpdocs", "pk": 5, "fields": {"title": "Staff Parameters Players", "text": "<p><strong>Label</strong>: ID displayed to other people in an experiment.</p>\r\n<p><strong>Group</strong>: The group that this avatar is a member of.</p>\r\n<p><strong>Location</strong>: The starting location of this avatar in the environment.</p>\r\n<p><strong>Color</strong>: The color used to identify each person.</p>\r\n<p><strong>Instructions</strong>: The instruction set each person sees during the instruction phase and the associated help docs.</p>", "timestamp": "2025-04-28T18:40:22.479Z", "updated": "2025-04-28T18:40:22.479Z"}}, {"model": "main.helpdocs", "pk": 6, "fields": {"title": "Staff Parameters Notices", "text": "<p><strong>Text</strong>: On-screen text.</p>\r\n<p><strong>Start Period</strong>: The period the notice will start on.</p>\r\n<p><strong>Start Time</strong>: The time when the notice will show.</p>\r\n<p><strong>End Period</strong>: The period the notice will stop.</p>\r\n<p><strong>End Time</strong>: The time the notice will stop.</p>", "timestamp": "2025-04-28T18:46:07.530Z", "updated": "2025-04-28T18:46:07.530Z"}}, {"model": "main.helpdocs", "pk": 7, "fields": {"title": "Staff Parameters Walls", "text": "<p><strong>Info</strong>: Description of the wall location</p>\r\n<p><strong>Location</strong>: X/Y location of the top left corner of the wall.</p>\r\n<p><strong>Width</strong>: Width of the wall segment.</p>\r\n<p><strong>Height</strong>: Height of the wall segment.</p>", "timestamp": "2025-04-28T18:46:34.326Z", "updated": "2025-04-28T18:46:34.326Z"}}, {"model": "main.helpdocs", "pk": 8, "fields": {"title": "Staff Parameters grounds", "text": "<p><strong>Info</strong>: Description of the ground element.</p>\r\n<p><strong>Location</strong>: X/Y location of top left corner.</p>\r\n<p><strong>Width</strong>: Width of element in pixels.</p>\r\n<p><strong>Height</strong>: Height of element in pixels.</p>\r\n<p><strong>Tint</strong>: Colorize the element with a hex color.</p>\r\n<p><strong>Texture</strong>: Pre-loaded texture of element.</p>\r\n<p><strong>Rotation</strong>: Rotation in degrees of texture.</p>\r\n<p><strong>Scale</strong>: Scale of texture.</p>", "timestamp": "2025-04-28T18:46:55.378Z", "updated": "2025-04-28T18:46:55.378Z"}}, {"model": "main.helpdocs", "pk": 9, "fields": {"title": "Staff Parameters groups", "text": "<p>Players in the same group.</p>", "timestamp": "2025-04-28T18:47:43.005Z", "updated": "2025-04-28T18:47:43.005Z"}}, {"model": "main.helpdocs", "pk": 10, "fields": {"title": "Staff Parameters Barriers", "text": "<p><strong>Info</strong>: Description of the barrier.</p>\r\n<p><span style=\"box-sizing: border-box; margin: 0px; padding: 0px;\"><strong>Text</strong>: Text displayed to the subject on the barrier.</span></p>\r\n<p><strong>Text Rotation</strong>: Text rotation in degrees.</p>\r\n<p><strong>Blocked Groups</strong>: Groups that the barrier blocks from crossing.</p>\r\n<p><strong>Location</strong>: X/Y location of the top left corner.</p>\r\n<p><strong>Size</strong>: Width and Height of the barrier.</p>\r\n<p><strong>Period On/Off</strong>: The barrier activates and deactivates.</p>", "timestamp": "2025-04-28T18:48:15.377Z", "updated": "2025-04-28T18:49:13.122Z"}}, {"model": "main.instructionset", "pk": 1, "fields": {"label": "Sample", "action_page_1": 1, "action_page_2": 2, "action_page_3": 3, "action_page_4": 100, "action_page_5": 100, "action_page_6": 100, "timestamp": "2025-04-28T16:31:57.796Z", "updated": "2025-04-29T18:21:59.397Z"}}, {"model": "main.instruction", "pk": 1, "fields": {"instruction_set": 1, "text_html": "<p><span style=\"font-size: 14pt;\"><strong>Welcome</strong></span></p>\n<p><span style=\"font-size: 14pt;\">This is an experiment in the economics of decision-making. The instructions are simple, and if you follow them carefully and make good decisions, you can earn a considerable amount of money that will be paid to you privately at the end of the experiment.</span></p>\n<p><span style=\"font-size: 14pt;\">In this experiment, your name is <strong>#id_label#</strong>, and you are represented with the gear-shaped avatar in the center of your screen.</span></p>\n<p><span style=\"font-size: 14pt;\">You and the other #player_count-1# people control an avatar that collects cherries. Cherries <img src=\"/static/cherry.png\" alt=\"\" width=\"25\" height=\"30\"> are converted to earnings at the end of each period.</span></p>\n<p style=\"text-align: center;\"><span style=\"font-size: 14pt;\">1 cherry <img src=\"/static/cherry.png\" alt=\"\" width=\"25\" height=\"30\"> = #token_cents_value# &cent;</span></p>\n<p><span style=\"font-size: 14pt;\"><span style=\"font-size: 18.6667px;\"><span style=\"font-size: 14pt;\"><span style=\"font-size: 18.6667px;\"><span style=\"font-size: 14pt;\">Try navigating the environment now by left-clicking <img src=\"../../../../../static/left_click.png\" alt=\"\" width=\"25\" height=\"33\"> on the screen to locate your house. <span style=\"background-color: #bfedd2;\">Do this now</span>.</span></span></span></span></span></p>\n<p><span style=\"font-size: 14pt;\">Continue to the next page of the instructions by pressing the<strong> </strong><span style=\"background-color: #0d6efd; color: #ffffff;\">Next <span class=\"far fa-arrow-alt-circle-right\">&nbsp;</span></span><strong>&nbsp;</strong>button.</span></p>", "page_number": 1, "timestamp": "2025-04-28T16:31:57.803Z", "updated": "2025-04-29T19:02:02.266Z"}}, {"model": "main.instruction", "pk": 3, "fields": {"instruction_set": 1, "text_html": "<p><span style=\"font-size: 14pt;\"><strong>Other Avatars</strong></span></p>\n<p><span style=\"font-size: 14pt;\">Your avatar can interact with other nearby avatars by right-clicking&nbsp;<img src=\"../../../../../static/right_click.png\" alt=\"\" width=\"25\" height=\"33\"> &nbsp;on them. Move your avatar close to another avatar and interact with it. The other avatar must interact within the circle surrounding your avatar. You can send cherries from your avatar to other avatars. You can also take cherries from other avatars. During a \"take\" interaction, both your avatar and the other avatar are frozen in place. After a \"take\" interaction, your avatar and the other avatar are subject to a #cool_down_length#-second cool-down phase where neither can enage in a \"take\" interaction.</span></p>\n<p><span style=\"font-size: 14pt;\">Walk over to another avatar and start an interaction. <span style=\"color: #ffffff;\"><span style=\"color: #000000;\"><span style=\"font-size: 18.6667px;\"><span style=\"font-size: 14pt;\"><span style=\"font-size: 18.6667px;\"><span style=\"font-size: 14pt;\"><span style=\"background-color: #bfedd2;\">Do this now</span>.</span></span></span></span></span></span></span></p>\n<p><span style=\"font-size: 14pt;\">Continue to the next page of the instructions by pressing the<strong> </strong><span style=\"background-color: #0d6efd; color: #ffffff;\">Next <span class=\"far fa-arrow-alt-circle-right\">&nbsp;</span></span><strong>&nbsp;</strong>button.</span></p>", "page_number": 2, "timestamp": "2025-04-29T19:25:34.276Z", "updated": "2025-04-29T19:35:15.915Z"}}, {"model": "main.instruction", "pk": 4, "fields": {"instruction_set": 1, "text_html": "<p><span style=\"font-size: 14pt;\"><strong>Chat</strong></span></p>\n<p><span style=\"font-size: 14pt;\">You can chat with other nearby avatars using the chat box at the <em>bottom </em>of your screen. <span style=\"font-size: 18.6667px;\"><span style=\"font-size: 14pt;\"><span style=\"font-size: 18.6667px;\"><span style=\"font-size: 14pt;\"><span style=\"background-color: #bfedd2;\">Do this now</span>.</span></span></span></span></span></p>\n<p><span style=\"font-size: 14pt;\">You are free to discuss any aspects of the experiment, with the following exceptions: you may not reveal your name, discuss side payments outside the laboratory, or engage in inappropriate language (including such shorthand as &lsquo;WTF&rsquo;). If you do, you will be excused and forgo your experiment earnings.</span></p>\n<p><span style=\"font-size: 14pt;\">Every #break_frequency# periods has a #break_length#-second break phase, where chatting is enabled, but all other interactions are disabled.</span></p>\n<p><span style=\"font-size: 14pt;\">Continue to the next page of the instructions by pressing the<strong> </strong><span style=\"background-color: #0d6efd; color: #ffffff;\">Next <span class=\"far fa-arrow-alt-circle-right\">&nbsp;</span></span><strong>&nbsp;</strong>button.</span></p>", "page_number": 3, "timestamp": "2025-04-29T20:19:12.440Z", "updated": "2025-04-29T20:19:30.948Z"}}, {"model": "main.instruction", "pk": 5, "fields": {"instruction_set": 1, "text_html": "<p><strong><span style=\"font-size: 14pt;\">Conclusion</span></strong></p>\n<p><span style=\"font-size: 14pt;\">Many of the interaction menus have a help button <span style=\"color: #3598db;\"><span class=\"far fa-question-circle\">&nbsp;</span></span>that you can use to reference the instructions during the experiment.</span></p>\n<p><span style=\"font-size: 14pt;\">This is the end of the instructions. If you have any questions, please raise your hand, and a monitor will come by to answer them. If you are finished with the instructions, please click the&nbsp;<span style=\"color: #ffffff;\"><span style=\"background-color: #198754;\">Start <span class=\"far fa-check-circle\">&nbsp;</span></span> </span>button located in the bottom right of this frame. The instructions will remain on your screen until the experiment begins. We need everyone to click the&nbsp; <span style=\"color: #ffffff;\"><span style=\"background-color: #198754;\">Start <span class=\"far fa-check-circle\">&nbsp;</span></span> </span>button before we can begin the experiment.</span></p>", "page_number": 4, "timestamp": "2025-04-29T21:05:20.738Z", "updated": "2025-04-29T21:10:19.197Z"}}, {"model": "main.helpdocssubject", "pk": 1, "fields": {"instruction_set": 1, "title": "subject_interaction_start", "text": "<p>Begin an interaction with another avatar.</p>", "timestamp": "2025-04-29T21:16:58.271Z", "updated": "2025-04-29T21:17:14.218Z"}}, {"model": "main.helpdocssubject", "pk": 2, "fields": {"instruction_set": 1, "title": "subject_interaction", "text": "<p>Send cherries to or take cherries from another avatar.</p>", "timestamp": "2025-04-29T21:18:07.986Z", "updated": "2025-04-29T21:18:39.811Z"}}, {"model": "main.helpdocssubject", "pk": 3, "fields": {"instruction_set": 1, "title": "main_screen", "text": "<p><span style=\"font-size: 14pt;\">Your avatar can interact with other nearby avatars by right-clicking&nbsp;<img src=\"http://localhost:8000/static/right_click.png\" alt=\"\" width=\"25\" height=\"33\"> &nbsp;on them. Move your avatar close to another avatar and interact with it. The other avatar must interact within the circle surrounding your avatar. You can send cherries from your avatar to other avatars. You can also take cherries from other avatars. During a \"take\" interaction, both your avatar and the other avatar are frozen in place. After a \"take\" interaction, your avatar and the other avatar are subject to a #cool_down_length#-second cool-down phase where neither can enage in a \"take\" interaction.</span></p>", "timestamp": "2025-04-29T21:19:13.483Z", "updated": "2025-04-29T21:19:56.213Z"}}, {"model": "main.parameterset", "pk": 1, "fields": {"period_count": 40, "period_length": 90, "break_frequency": 5, "break_length": 60, "show_instructions": true, "survey_required": false, "survey_link": null, "prolific_mode": false, "prolific_completion_link": null, "tokens_per_period": 100, "token_cents_value": "1.00", "world_width": 8000, "world_height": 6000, "interaction_length": 10, "cool_down_length": 10, "interaction_range": 200, "avatar_scale": "0.50", "avatar_bound_box_percent": "0.75", "avatar_move_speed": "7.5", "avatar_animation_speed": "0.90", "reconnection_limit": 25, "test_mode": false, "json_for_session": {"id": 1, "test_mode": 0, "survey_link": null, "world_width": 8000, "avatar_scale": "0.50", "break_length": 60, "period_count": 40, "world_height": 6000, "period_length": 90, "prolific_mode": 0, "break_frequency": 5, "survey_required": 0, "cool_down_length": 10, "avatar_move_speed": "7.5", "interaction_range": 200, "show_instructions": 1, "token_cents_value": "1", "tokens_per_period": 100, "interaction_length": 10, "reconnection_limit": 25, "parameter_set_walls": {"1": {"id": 1, "info": "Green Top", "width": 3500, "height": 100, "start_x": 0, "start_y": 0}, "2": {"id": 2, "info": "Green Right", "width": 100, "height": 2000, "start_x": 3500, "start_y": 0}, "3": {"id": 3, "info": "Green Left", "width": 100, "height": 2500, "start_x": 0, "start_y": 0}, "4": {"id": 4, "info": "Green Bottom", "width": 3000, "height": 100, "start_x": 0, "start_y": 2500}, "5": {"id": 5, "info": "Red Top", "width": 3500, "height": 100, "start_x": 4500, "start_y": 0}, "6": {"id": 6, "info": "Red Right", "width": 100, "height": 2500, "start_x": 7900, "start_y": 0}, "7": {"id": 7, "info": "Red Bottom", "width": 3000, "height": 100, "start_x": 5000, "start_y": 2500}, "8": {"id": 8, "info": "Red Left", "width": 100, "height": 2000, "start_x": 4400, "start_y": 0}, "9": {"id": 9, "info": "Blue Top", "width": 3000, "height": 100, "start_x": 0, "start_y": 3400}, "10": {"id": 10, "info": "Blue Right", "width": 100, "height": 2000, "start_x": 3500, "start_y": 4000}, "11": {"id": 11, "info": "Blue Bottom", "width": 3500, "height": 100, "start_x": 0, "start_y": 5900}, "12": {"id": 12, "info": "Blue Left", "width": 100, "height": 2500, "start_x": 0, "start_y": 3500}, "13": {"id": 13, "info": "Yellow Top", "width": 3000, "height": 100, "start_x": 5000, "start_y": 3400}, "14": {"id": 14, "info": "Yellow Right", "width": 100, "height": 2500, "start_x": 7900, "start_y": 3500}, "15": {"id": 15, "info": "Yellow Bottom", "width": 3500, "height": 100, "start_x": 4500, "start_y": 5900}, "16": {"id": 16, "info": "Yellow Left", "width": 100, "height": 2000, "start_x": 4400, "start_y": 4000}, "17": {"id": 17, "info": "Bridge North", "width": 1000, "height": 100, "start_x": 3500, "start_y": 1900}, "18": {"id": 18, "info": "Bridge North", "width": 1000, "height": 100, "start_x": 3500, "start_y": 2500}, "19": {"id": 19, "info": "Bridge East", "width": 100, "height": 1000, "start_x": 4400, "start_y": 2500}, "20": {"id": 20, "info": "Bridge East", "width": 100, "height": 1000, "start_x": 5000, "start_y": 2500}, "21": {"id": 21, "info": "Bridge South", "width": 1000, "height": 100, "start_x": 3500, "start_y": 3400}, "22": {"id": 22, "info": "Bridge South", "width": 1000, "height": 100, "start_x": 3500, "start_y": 4000}, "23": {"id": 23, "info": "Bridge East", "width": 100, "height": 1000, "start_x": 3500, "start_y": 2500}, "24": {"id": 24, "info": "Bridge East", "width": 100, "height": 1000, "start_x": 2900, "start_y": 2500}}, "parameter_set_groups": {"1": {"id": 1, "name": "Green"}, "2": {"id": 2, "name": "Red"}, "3": {"id": 3, "name": "Blue"}, "4": {"id": 4, "name": "Yellow"}}, "parameter_set_grounds": {"1": {"x": 0, "y": 0, "id": 1, "info": "Green Zone", "tint": "0x90EE90", "scale": "1.00", "width": 3500, "height": 2500, "texture": "grass_tex", "rotation": "0.00"}, "2": {"x": 4500, "y": 0, "id": 2, "info": "Red Zone", "tint": "0xFFB6C1", "scale": "1.00", "width": 3500, "height": 2500, "texture": "grass_tex", "rotation": "0.00"}, "3": {"x": 0, "y": 3500, "id": 3, "info": "Blue Zone", "tint": "0x87CEFA", "scale": "1.00", "width": 3500, "height": 2500, "texture": "grass_tex", "rotation": "0.00"}, "4": {"x": 4500, "y": 3500, "id": 4, "info": "Yellow Zone", "tint": "0xF0E68C", "scale": "1.00", "width": 3500, "height": 2500, "texture": "grass_tex", "rotation": "0.00"}, "5": {"x": 3500, "y": 2000, "id": 5, "info": "Bridge North", "tint": "0xFFFFFF", "scale": "1.00", "width": 1000, "height": 500, "texture": "bridge_tex", "rotation": "0.00"}, "6": {"x": 4500, "y": 2500, "id": 6, "info": "Bridge East", "tint": "0xFFFFFF", "scale": "1.00", "width": 500, "height": 1000, "texture": "bridge_tex", "rotation": "1.57"}, "7": {"x": 3500, "y": 3500, "id": 7, "info": "Bridge South", "tint": "0xFFFFFF", "scale": "1.00", "width": 1000, "height": 500, "texture": "bridge_tex", "rotation": "0.00"}, "8": {"x": 3000, "y": 2500, "id": 8, "info": "Bridge West", "tint": "0xFFFFFF", "scale": "1.00", "width": 500, "height": 1000, "texture": "bridge_tex", "rotation": "1.57"}}, "parameter_set_notices": {"1": {"id": 1, "text": "The bridges to other regions are open.", "end_time": 91, "end_period": 20, "start_time": 150, "start_period": 20}, "2": {"id": 2, "text": "The break is over; interactions are enabled.", "end_time": 80, "end_period": 5, "start_time": 90, "start_period": 5}, "3": {"id": 3, "text": "The break is over; interactions are enabled.", "end_time": 80, "end_period": 10, "start_time": 90, "start_period": 10}, "4": {"id": 4, "text": "The break is over; interactions are enabled.", "end_time": 80, "end_period": 20, "start_time": 90, "start_period": 20}, "5": {"id": 5, "text": "The break is over; interactions are enabled.", "end_time": 80, "end_period": 25, "start_time": 90, "start_period": 25}, "6": {"id": 6, "text": "The break is over; interactions are enabled.", "end_time": 80, "end_period": 35, "start_time": 90, "start_period": 35}, "7": {"id": 7, "text": "The break is over; interactions are enabled.", "end_time": 80, "end_period": 40, "start_time": 90, "start_period": 40}, "8": {"id": 8, "text": "The break is over; interactions are enabled.", "end_time": 80, "end_period": 15, "start_time": 90, "start_period": 15}}, "parameter_set_players": {"1": {"id": 1, "start_x": 1300, "start_y": 1500, "id_label": "G1", "hex_color": "0x7ccb7c", "player_number": 1, "instruction_set": 1, "parameter_set_group": 1, "instruction_set_label": "Sample"}, "2": {"id": 2, "start_x": 1600, "start_y": 1500, "id_label": "G2", "hex_color": "0x65a765", "player_number": 2, "instruction_set": 1, "parameter_set_group": 1, "instruction_set_label": "Sample"}, "3": {"id": 3, "start_x": 1900, "start_y": 1500, "id_label": "G3", "hex_color": "0x508450", "player_number": 3, "instruction_set": 1, "parameter_set_group": 1, "instruction_set_label": "Sample"}, "4": {"id": 4, "start_x": 2200, "start_y": 1500, "id_label": "G4", "hex_color": "0x3a603a", "player_number": 4, "instruction_set": 1, "parameter_set_group": 1, "instruction_set_label": "Sample"}, "5": {"id": 5, "start_x": 6700, "start_y": 1500, "id_label": "R1", "hex_color": "0xc81337", "player_number": 5, "instruction_set": 1, "parameter_set_group": 2, "instruction_set_label": "Sample"}, "6": {"id": 6, "start_x": 6400, "start_y": 1500, "id_label": "R2", "hex_color": "0xb0102f", "player_number": 6, "instruction_set": 1, "parameter_set_group": 2, "instruction_set_label": "Sample"}, "7": {"id": 7, "start_x": 6100, "start_y": 1500, "id_label": "R3", "hex_color": "0x9b0e2b", "player_number": 7, "instruction_set": 1, "parameter_set_group": 2, "instruction_set_label": "Sample"}, "8": {"id": 8, "start_x": 5800, "start_y": 1500, "id_label": "R4", "hex_color": "0x850d25", "player_number": 8, "instruction_set": 1, "parameter_set_group": 2, "instruction_set_label": "Sample"}, "9": {"id": 9, "start_x": 1300, "start_y": 4500, "id_label": "B1", "hex_color": "0xd1dce6", "player_number": 9, "instruction_set": 1, "parameter_set_group": 3, "instruction_set_label": "Sample"}, "10": {"id": 10, "start_x": 1600, "start_y": 4500, "id_label": "B2", "hex_color": "0xb8d3fc", "player_number": 10, "instruction_set": 1, "parameter_set_group": 3, "instruction_set_label": "Sample"}, "11": {"id": 11, "start_x": 1900, "start_y": 4500, "id_label": "B3", "hex_color": "0x7497b5", "player_number": 11, "instruction_set": 1, "parameter_set_group": 3, "instruction_set_label": "Sample"}, "12": {"id": 12, "start_x": 2200, "start_y": 4500, "id_label": "B4", "hex_color": "0x45759d", "player_number": 12, "instruction_set": 1, "parameter_set_group": 3, "instruction_set_label": "Sample"}, "13": {"id": 13, "start_x": 6700, "start_y": 4500, "id_label": "Y1", "hex_color": "0xfdea99", "player_number": 13, "instruction_set": 1, "parameter_set_group": 4, "instruction_set_label": "Sample"}, "14": {"id": 14, "start_x": 6400, "start_y": 4500, "id_label": "Y2", "hex_color": "0xfde066", "player_number": 14, "instruction_set": 1, "parameter_set_group": 4, "instruction_set_label": "Sample"}, "15": {"id": 15, "start_x": 6100, "start_y": 4500, "id_label": "Y3", "hex_color": "0xfcd533", "player_number": 15, "instruction_set": 1, "parameter_set_group": 4, "instruction_set_label": "Sample"}, "16": {"id": 16, "start_x": 5800, "start_y": 4500, "id_label": "Y4", "hex_color": "0xfbcb00", "player_number": 16, "instruction_set": 1, "parameter_set_group": 4, "instruction_set_label": "Sample"}}, "avatar_animation_speed": "0.90", "parameter_set_barriers": {"1": {"id": 1, "info": "Green Start East", "text": "Closed", "width": 100, "height": 500, "start_x": 3500, "start_y": 2000, "rotation": 90, "period_on": 1, "period_off": 17, "parameter_set_groups": [1], "parameter_set_players": []}, "2": {"id": 2, "info": "Green Start South", "text": "Closed", "width": 500, "height": 100, "start_x": 3000, "start_y": 2500, "rotation": 0, "period_on": 1, "period_off": 17, "parameter_set_groups": [1], "parameter_set_players": []}, "3": {"id": 3, "info": "Red Start West", "text": "Closed", "width": 100, "height": 500, "start_x": 4400, "start_y": 2000, "rotation": 270, "period_on": 1, "period_off": 17, "parameter_set_groups": [2], "parameter_set_players": []}, "4": {"id": 4, "info": "Red Start South", "text": "Closed", "width": 500, "height": 100, "start_x": 4500, "start_y": 2500, "rotation": 0, "period_on": 1, "period_off": 17, "parameter_set_groups": [2], "parameter_set_players": []}, "5": {"id": 5, "info": "Blue Start North", "text": "Closed", "width": 500, "height": 100, "start_x": 3000, "start_y": 3400, "rotation": 0, "period_on": 1, "period_off": 17, "parameter_set_groups": [3], "parameter_set_players": []}, "6": {"id": 6, "info": "Blue Start East", "text": "Closed", "width": 100, "height": 500, "start_x": 3500, "start_y": 3500, "rotation": 90, "period_on": 1, "period_off": 17, "parameter_set_groups": [3], "parameter_set_players": []}, "7": {"id": 7, "info": "Yellow Start North", "text": "Closed", "width": 500, "height": 100, "start_x": 4500, "start_y": 3400, "rotation": 0, "period_on": 1, "period_off": 17, "parameter_set_groups": [4], "parameter_set_players": []}, "8": {"id": 8, "info": "Yellow Start West", "text": "Closed", "width": 100, "height": 500, "start_x": 4400, "start_y": 3500, "rotation": 270, "period_on": 1, "period_off": 17, "parameter_set_groups": [4], "parameter_set_players": []}}, "avatar_bound_box_percent": "0.75", "prolific_completion_link": null, "parameter_set_walls_order": [1, 2, 3, 4, 5, 6, 7, 8, 9, 10, 11, 12, 13, 14, 15, 16, 17, 18, 19, 20, 21, 22, 23, 24], "parameter_set_groups_order": [3, 1, 2, 4], "parameter_set_grounds_order": [1, 2, 3, 4, 5, 6, 7, 8], "parameter_set_notices_order": [1, 2, 3, 4, 5, 6, 7, 8], "parameter_set_players_order": [1, 2, 3, 4, 5, 6, 7, 8, 9, 10, 11, 12, 13, 14, 15, 16], "parameter_set_barriers_order": [1, 2, 3, 4, 5, 6, 7, 8]}, "timestamp": "2025-04-25T17:03:38.890Z", "updated": "2025-04-29T18:21:59.502Z"}}, {"model": "main.parametersetgroup", "pk": 1, "fields": {"parameter_set": 1, "name": "Green", "timestamp": "2025-04-28T16:28:59.585Z", "updated": "2025-04-28T16:28:59.612Z"}}, {"model": "main.parametersetgroup", "pk": 2, "fields": {"parameter_set": 1, "name": "Red", "timestamp": "2025-04-28T16:28:59.616Z", "updated": "2025-04-28T16:28:59.620Z"}}, {"model": "main.parametersetgroup", "pk": 3, "fields": {"parameter_set": 1, "name": "Blue", "timestamp": "2025-04-28T16:28:59.627Z", "updated": "2025-04-28T16:28:59.631Z"}}, {"model": "main.parametersetgroup", "pk": 4, "fields": {"parameter_set": 1, "name": "Yellow", "timestamp": "2025-04-28T16:28:59.636Z", "updated": "2025-04-28T16:28:59.640Z"}}, {"model": "main.parametersetplayer", "pk": 1, "fields": {"parameter_set": 1, "parameter_set_group": 1, "instruction_set": 1, "id_label": "G1", "player_number": 1, "start_x": 1300, "start_y": 1500, "hex_color": "0x7ccb7c", "timestamp": "2025-04-28T16:28:59.649Z", "updated": "2025-04-29T18:21:59.408Z"}}, {"model": "main.parametersetplayer", "pk": 2, "fields": {"parameter_set": 1, "parameter_set_group": 1, "instruction_set": 1, "id_label": "G2", "player_number": 2, "start_x": 1600, "start_y": 1500, "hex_color": "0x65a765", "timestamp": "2025-04-28T16:28:59.664Z", "updated": "2025-04-29T18:21:59.414Z"}}, {"model": "main.parametersetplayer", "pk": 3, "fields": {"parameter_set": 1, "parameter_set_group": 1, "instruction_set": 1, "id_label": "G3", "player_number": 3, "start_x": 1900, "start_y": 1500, "hex_color": "0x508450", "timestamp": "2025-04-28T16:28:59.677Z", "updated": "2025-04-29T18:21:59.420Z"}}, {"model": "main.parametersetplayer", "pk": 4, "fields": {"parameter_set": 1, "parameter_set_group": 1, "instruction_set": 1, "id_label": "G4", "player_number": 4, "start_x": 2200, "start_y": 1500, "hex_color": "0x3a603a", "timestamp": "2025-04-28T16:28:59.688Z", "updated": "2025-04-29T18:21:59.426Z"}}, {"model": "main.parametersetplayer", "pk": 5, "fields": {"parameter_set": 1, "parameter_set_group": 2, "instruction_set": 1, "id_label": "R1", "player_number": 5, "start_x": 6700, "start_y": 1500, "hex_color": "0xc81337", "timestamp": "2025-04-28T16:28:59.702Z", "updated": "2025-04-29T18:21:59.432Z"}}, {"model": "main.parametersetplayer", "pk": 6, "fields": {"parameter_set": 1, "parameter_set_group": 2, "instruction_set": 1, "id_label": "R2", "player_number": 6, "start_x": 6400, "start_y": 1500, "hex_color": "0xb0102f", "timestamp": "2025-04-28T16:28:59.718Z", "updated": "2025-04-29T18:21:59.439Z"}}, {"model": "main.parametersetplayer", "pk": 7, "fields": {"parameter_set": 1, "parameter_set_group": 2, "instruction_set": 1, "id_label": "R3", "player_number": 7, "start_x": 6100, "start_y": 1500, "hex_color": "0x9b0e2b", "timestamp": "2025-04-28T16:28:59.732Z", "updated": "2025-04-29T18:21:59.445Z"}}, {"model": "main.parametersetplayer", "pk": 8, "fields": {"parameter_set": 1, "parameter_set_group": 2, "instruction_set": 1, "id_label": "R4", "player_number": 8, "start_x": 5800, "start_y": 1500, "hex_color": "0x850d25", "timestamp": "2025-04-28T16:28:59.762Z", "updated": "2025-04-29T18:21:59.451Z"}}, {"model": "main.parametersetplayer", "pk": 9, "fields": {"parameter_set": 1, "parameter_set_group": 3, "instruction_set": 1, "id_label": "B1", "player_number": 9, "start_x": 1300, "start_y": 4500, "hex_color": "0xd1dce6", "timestamp": "2025-04-28T16:28:59.774Z", "updated": "2025-04-29T18:21:59.458Z"}}, {"model": "main.parametersetplayer", "pk": 10, "fields": {"parameter_set": 1, "parameter_set_group": 3, "instruction_set": 1, "id_label": "B2", "player_number": 10, "start_x": 1600, "start_y": 4500, "hex_color": "0xb8d3fc", "timestamp": "2025-04-28T16:28:59.795Z", "updated": "2025-04-29T18:21:59.465Z"}}, {"model": "main.parametersetplayer", "pk": 11, "fields": {"parameter_set": 1, "parameter_set_group": 3, "instruction_set": 1, "id_label": "B3", "player_number": 11, "start_x": 1900, "start_y": 4500, "hex_color": "0x7497b5", "timestamp": "2025-04-28T16:28:59.821Z", "updated": "2025-04-29T18:21:59.472Z"}}, {"model": "main.parametersetplayer", "pk": 12, "fields": {"parameter_set": 1, "parameter_set_group": 3, "instruction_set": 1, "id_label": "B4", "player_number": 12, "start_x": 2200, "start_y": 4500, "hex_color": "0x45759d", "timestamp": "2025-04-28T16:28:59.850Z", "updated": "2025-04-29T18:21:59.478Z"}}, {"model": "main.parametersetplayer", "pk": 13, "fields": {"parameter_set": 1, "parameter_set_group": 4, "instruction_set": 1, "id_label": "Y1", "player_number": 13, "start_x": 6700, "start_y": 4500, "hex_color": "0xfdea99", "timestamp": "2025-04-28T16:28:59.875Z", "updated": "2025-04-29T18:21:59.484Z"}}, {"model": "main.parametersetplayer", "pk": 14, "fields": {"parameter_set": 1, "parameter_set_group": 4, "instruction_set": 1, "id_label": "Y2", "player_number": 14, "start_x": 6400, "start_y": 4500, "hex_color": "0xfde066", "timestamp": "2025-04-28T16:28:59.887Z", "updated": "2025-04-29T18:21:59.492Z"}}, {"model": "main.parametersetplayer", "pk": 15, "fields": {"parameter_set": 1, "parameter_set_group": 4, "instruction_set": 1, "id_label": "Y3", "player_number": 15, "start_x": 6100, "start_y": 4500, "hex_color": "0xfcd533", "timestamp": "2025-04-28T16:28:59.900Z", "updated": "2025-04-29T18:21:59.498Z"}}, {"model": "main.parametersetplayer", "pk": 16, "fields": {"parameter_set": 1, "parameter_set_group": 4, "instruction_set": 1, "id_label": "Y4", "player_number": 16, "start_x": 5800, "start_y": 4500, "hex_color": "0xfbcb00", "timestamp": "2025-04-28T16:28:59.912Z", "updated": "2025-04-29T18:21:59.505Z"}}, {"model": "main.parametersetnotice", "pk": 1, "fields": {"parameter_set": 1, "text": "The bridges to other regions are open.", "start_period": 20, "start_time": 150, "end_period": 20, "end_time": 91, "timestamp": "2025-04-28T16:29:00.692Z", "updated": "2025-04-28T16:29:00.697Z"}}, {"model": "main.parametersetnotice", "pk": 2, "fields": {"parameter_set": 1, "text": "The break is over; interactions are enabled.", "start_period": 5, "start_time": 90, "end_period": 5, "end_time": 80, "timestamp": "2025-04-28T16:29:00.701Z", "updated": "2025-04-28T16:29:00.711Z"}}, {"model": "main.parametersetnotice", "pk": 3, "fields": {"parameter_set": 1, "text": "The break is over; interactions are enabled.", "start_period": 10, "start_time": 90, "end_period": 10, "end_time": 80, "timestamp": "2025-04-28T16:29:00.716Z", "updated": "2025-04-28T16:29:00.720Z"}}, {"model": "main.parametersetnotice", "pk": 4, "fields": {"parameter_set": 1, "text": "The break is over; interactions are enabled.", "start_period": 20, "start_time": 90, "end_period": 20, "end_time": 80, "timestamp": "2025-04-28T16:29:00.725Z", "updated": "2025-04-28T16:29:00.729Z"}}, {"model": "main.parametersetnotice", "pk": 5, "fields": {"parameter_set": 1, "text": "The break is over; interactions are enabled.", "start_period": 25, "start_time": 90, "end_period": 25, "end_time": 80, "timestamp": "2025-04-28T16:29:00.734Z", "updated": "2025-04-28T16:29:00.737Z"}}, {"model": "main.parametersetnotice", "pk": 6, "fields": {"parameter_set": 1, "text": "The break is over; interactions are enabled.", "start_period": 35, "start_time": 90, "end_period": 35, "end_time": 80, "timestamp": "2025-04-28T16:29:00.743Z", "updated": "2025-04-28T16:29:00.747Z"}}, {"model": "main.parametersetnotice", "pk": 7, "fields": {"parameter_set": 1, "text": "The break is over; interactions are enabled.", "start_period": 40, "start_time": 90, "end_period": 40, "end_time": 80, "timestamp": "2025-04-28T16:29:00.752Z", "updated": "2025-04-28T16:29:00.756Z"}}, {"model": "main.parametersetnotice", "pk": 8, "fields": {"parameter_set": 1, "text": "The break is over; interactions are enabled.", "start_period": 15, "start_time": 90, "end_period": 15, "end_time": 80, "timestamp": "2025-04-28T16:29:00.761Z", "updated": "2025-04-28T16:29:00.766Z"}}, {"model": "main.parametersetwall", "pk": 1, "fields": {"parameter_set": 1, "info": "Green Top", "start_x": 0, "start_y": 0, "width": 3500, "height": 100, "timestamp": "2025-04-28T16:29:00.450Z", "updated": "2025-04-28T16:29:00.454Z"}}, {"model": "main.parametersetwall", "pk": 2, "fields": {"parameter_set": 1, "info": "Green Right", "start_x": 3500, "start_y": 0, "width": 100, "height": 2000, "timestamp": "2025-04-28T16:29:00.461Z", "updated": "2025-04-28T16:29:00.465Z"}}, {"model": "main.parametersetwall", "pk": 3, "fields": {"parameter_set": 1, "info": "Green Left", "start_x": 0, "start_y": 0, "width": 100, "height": 2500, "timestamp": "2025-04-28T16:29:00.469Z", "updated": "2025-04-28T16:29:00.472Z"}}, {"model": "main.parametersetwall", "pk": 4, "fields": {"parameter_set": 1, "info": "Green Bottom", "start_x": 0, "start_y": 2500, "width": 3000, "height": 100, "timestamp": "2025-04-28T16:29:00.478Z", "updated": "2025-04-28T16:29:00.482Z"}}, {"model": "main.parametersetwall", "pk": 5, "fields": {"parameter_set": 1, "info": "Red Top", "start_x": 4500, "start_y": 0, "width": 3500, "height": 100, "timestamp": "2025-04-28T16:29:00.486Z", "updated": "2025-04-28T16:29:00.489Z"}}, {"model": "main.parametersetwall", "pk": 6, "fields": {"parameter_set": 1, "info": "Red Right", "start_x": 7900, "start_y": 0, "width": 100, "height": 2500, "timestamp": "2025-04-28T16:29:00.494Z", "updated": "2025-04-28T16:29:00.498Z"}}, {"model": "main.parametersetwall", "pk": 7, "fields": {"parameter_set": 1, "info": "Red Bottom", "start_x": 5000, "start_y": 2500, "width": 3000, "height": 100, "timestamp": "2025-04-28T16:29:00.502Z", "updated": "2025-04-28T16:29:00.506Z"}}, {"model": "main.parametersetwall", "pk": 8, "fields": {"parameter_set": 1, "info": "Red Left", "start_x": 4400, "start_y": 0, "width": 100, "height": 2000, "timestamp": "2025-04-28T16:29:00.512Z", "updated": "2025-04-28T16:29:00.515Z"}}, {"model": "main.parametersetwall", "pk": 9, "fields": {"parameter_set": 1, "info": "Blue Top", "start_x": 0, "start_y": 3400, "width": 3000, "height": 100, "timestamp": "2025-04-28T16:29:00.519Z", "updated": "2025-04-28T16:29:00.523Z"}}, {"model": "main.parametersetwall", "pk": 10, "fields": {"parameter_set": 1, "info": "Blue Right", "start_x": 3500, "start_y": 4000, "width": 100, "height": 2000, "timestamp": "2025-04-28T16:29:00.542Z", "updated": "2025-04-28T16:29:00.561Z"}}, {"model": "main.parametersetwall", "pk": 11, "fields": {"parameter_set": 1, "info": "Blue Bottom", "start_x": 0, "start_y": 5900, "width": 3500, "height": 100, "timestamp": "2025-04-28T16:29:00.565Z", "updated": "2025-04-28T16:29:00.569Z"}}, {"model": "main.parametersetwall", "pk": 12, "fields": {"parameter_set": 1, "info": "Blue Left", "start_x": 0, "start_y": 3500, "width": 100, "height": 2500, "timestamp": "2025-04-28T16:29:00.573Z", "updated": "2025-04-28T16:29:00.577Z"}}, {"model": "main.parametersetwall", "pk": 13, "fields": {"parameter_set": 1, "info": "Yellow Top", "start_x": 5000, "start_y": 3400, "width": 3000, "height": 100, "timestamp": "2025-04-28T16:29:00.581Z", "updated": "2025-04-28T16:29:00.585Z"}}, {"model": "main.parametersetwall", "pk": 14, "fields": {"parameter_set": 1, "info": "Yellow Right", "start_x": 7900, "start_y": 3500, "width": 100, "height": 2500, "timestamp": "2025-04-28T16:29:00.589Z", "updated": "2025-04-28T16:29:00.594Z"}}, {"model": "main.parametersetwall", "pk": 15, "fields": {"parameter_set": 1, "info": "Yellow Bottom", "start_x": 4500, "start_y": 5900, "width": 3500, "height": 100, "timestamp": "2025-04-28T16:29:00.599Z", "updated": "2025-04-28T16:29:00.602Z"}}, {"model": "main.parametersetwall", "pk": 16, "fields": {"parameter_set": 1, "info": "Yellow Left", "start_x": 4400, "start_y": 4000, "width": 100, "height": 2000, "timestamp": "2025-04-28T16:29:00.606Z", "updated": "2025-04-28T16:29:00.611Z"}}, {"model": "main.parametersetwall", "pk": 17, "fields": {"parameter_set": 1, "info": "Bridge North", "start_x": 3500, "start_y": 1900, "width": 1000, "height": 100, "timestamp": "2025-04-28T16:29:00.616Z", "updated": "2025-04-28T16:29:00.619Z"}}, {"model": "main.parametersetwall", "pk": 18, "fields": {"parameter_set": 1, "info": "Bridge North", "start_x": 3500, "start_y": 2500, "width": 1000, "height": 100, "timestamp": "2025-04-28T16:29:00.623Z", "updated": "2025-04-28T16:29:00.629Z"}}, {"model": "main.parametersetwall", "pk": 19, "fields": {"parameter_set": 1, "info": "Bridge East", "start_x": 4400, "start_y": 2500, "width": 100, "height": 1000, "timestamp": "2025-04-28T16:29:00.633Z", "updated": "2025-04-28T16:29:00.637Z"}}, {"model": "main.parametersetwall", "pk": 20, "fields": {"parameter_set": 1, "info": "Bridge East", "start_x": 5000, "start_y": 2500, "width": 100, "height": 1000, "timestamp": "2025-04-28T16:29:00.641Z", "updated": "2025-04-28T16:29:00.646Z"}}, {"model": "main.parametersetwall", "pk": 21, "fields": {"parameter_set": 1, "info": "Bridge South", "start_x": 3500, "start_y": 3400, "width": 1000, "height": 100, "timestamp": "2025-04-28T16:29:00.650Z", "updated": "2025-04-28T16:29:00.654Z"}}, {"model": "main.parametersetwall", "pk": 22, "fields": {"parameter_set": 1, "info": "Bridge South", "start_x": 3500, "start_y": 4000, "width": 1000, "height": 100, "timestamp": "2025-04-28T16:29:00.662Z", "updated": "2025-04-28T16:29:00.666Z"}}, {"model": "main.parametersetwall", "pk": 23, "fields": {"parameter_set": 1, "info": "Bridge East", "start_x": 3500, "start_y": 2500, "width": 100, "height": 1000, "timestamp": "2025-04-28T16:29:00.671Z", "updated": "2025-04-28T16:29:00.676Z"}}, {"model": "main.parametersetwall", "pk": 24, "fields": {"parameter_set": 1, "info": "Bridge East", "start_x": 2900, "start_y": 2500, "width": 100, "height": 1000, "timestamp": "2025-04-28T16:29:00.681Z", "updated": "2025-04-28T16:29:00.685Z"}}, {"model": "main.parametersetbarrier", "pk": 1, "fields": {"parameter_set": 1, "info": "Green Start East", "start_x": 3500, "start_y": 2000, "width": 100, "height": 500, "text": "Closed", "rotation": 90, "period_on": 1, "period_off": 17, "timestamp": "2025-04-28T16:29:00.241Z", "updated": "2025-04-28T16:29:00.245Z", "parameter_set_groups": [1], "parameter_set_players": []}}, {"model": "main.parametersetbarrier", "pk": 2, "fields": {"parameter_set": 1, "info": "Green Start South", "start_x": 3000, "start_y": 2500, "width": 500, "height": 100, "text": "Closed", "rotation": 0, "period_on": 1, "period_off": 17, "timestamp": "2025-04-28T16:29:00.257Z", "updated": "2025-04-28T16:29:00.261Z", "parameter_set_groups": [1], "parameter_set_players": []}}, {"model": "main.parametersetbarrier", "pk": 3, "fields": {"parameter_set": 1, "info": "Red Start West", "start_x": 4400, "start_y": 2000, "width": 100, "height": 500, "text": "Closed", "rotation": 270, "period_on": 1, "period_off": 17, "timestamp": "2025-04-28T16:29:00.273Z", "updated": "2025-04-28T16:29:00.279Z", "parameter_set_groups": [2], "parameter_set_players": []}}, {"model": "main.parametersetbarrier", "pk": 4, "fields": {"parameter_set": 1, "info": "Red Start South", "start_x": 4500, "start_y": 2500, "width": 500, "height": 100, "text": "Closed", "rotation": 0, "period_on": 1, "period_off": 17, "timestamp": "2025-04-28T16:29:00.295Z", "updated": "2025-04-28T16:29:00.311Z", "parameter_set_groups": [2], "parameter_set_players": []}}, {"model": "main.parametersetbarrier", "pk": 5, "fields": {"parameter_set": 1, "info": "Blue Start North", "start_x": 3000, "start_y": 3400, "width": 500, "height": 100, "text": "Closed", "rotation": 0, "period_on": 1, "period_off": 17, "timestamp": "2025-04-28T16:29:00.325Z", "updated": "2025-04-28T16:29:00.330Z", "parameter_set_groups": [3], "parameter_set_players": []}}, {"model": "main.parametersetbarrier", "pk": 6, "fields": {"parameter_set": 1, "info": "Blue Start East", "start_x": 3500, "start_y": 3500, "width": 100, "height": 500, "text": "Closed", "rotation": 90, "period_on": 1, "period_off": 17, "timestamp": "2025-04-28T16:29:00.361Z", "updated": "2025-04-28T16:29:00.376Z", "parameter_set_groups": [3], "parameter_set_players": []}}, {"model": "main.parametersetbarrier", "pk": 7, "fields": {"parameter_set": 1, "info": "Yellow Start North", "start_x": 4500, "start_y": 3400, "width": 500, "height": 100, "text": "Closed", "rotation": 0, "period_on": 1, "period_off": 17, "timestamp": "2025-04-28T16:29:00.396Z", "updated": "2025-04-28T16:29:00.400Z", "parameter_set_groups": [4], "parameter_set_players": []}}, {"model": "main.parametersetbarrier", "pk": 8, "fields": {"parameter_set": 1, "info": "Yellow Start West", "start_x": 4400, "start_y": 3500, "width": 100, "height": 500, "text": "Closed", "rotation": 270, "period_on": 1, "period_off": 17, "timestamp": "2025-04-28T16:29:00.418Z", "updated": "2025-04-28T16:29:00.425Z", "parameter_set_groups": [4], "parameter_set_players": []}}, {"model": "main.parametersetground", "pk": 1, "fields": {"parameter_set": 1, "info": "Green Zone", "x": 0, "y": 0, "width": 3500, "height": 2500, "tint": "0x90EE90", "texture": "grass_tex", "rotation": "0.00", "scale": "1.00", "timestamp": "2025-04-28T16:29:00.772Z", "updated": "2025-04-28T16:29:00.777Z"}}, {"model": "main.parametersetground", "pk": 2, "fields": {"parameter_set": 1, "info": "Red Zone", "x": 4500, "y": 0, "width": 3500, "height": 2500, "tint": "0xFFB6C1", "texture": "grass_tex", "rotation": "0.00", "scale": "1.00", "timestamp": "2025-04-28T16:29:00.793Z", "updated": "2025-04-28T16:29:00.798Z"}}, {"model": "main.parametersetground", "pk": 3, "fields": {"parameter_set": 1, "info": "Blue Zone", "x": 0, "y": 3500, "width": 3500, "height": 2500, "tint": "0x87CEFA", "texture": "grass_tex", "rotation": "0.00", "scale": "1.00", "timestamp": "2025-04-28T16:29:00.802Z", "updated": "2025-04-28T16:29:00.806Z"}}, {"model": "main.parametersetground", "pk": 4, "fields": {"parameter_set": 1, "info": "Yellow Zone", "x": 4500, "y": 3500, "width": 3500, "height": 2500, "tint": "0xF0E68C", "texture": "grass_tex", "rotation": "0.00", "scale": "1.00", "timestamp": "2025-04-28T16:29:00.812Z", "updated": "2025-04-28T16:29:00.817Z"}}, {"model": "main.parametersetground", "pk": 5, "fields": {"parameter_set": 1, "info": "Bridge North", "x": 3500, "y": 2000, "width": 1000, "height": 500, "tint": "0xFFFFFF", "texture": "bridge_tex", "rotation": "0.00", "scale": "1.00", "timestamp": "2025-04-28T16:29:00.821Z", "updated": "2025-04-28T16:29:00.827Z"}}, {"model": "main.parametersetground", "pk": 6, "fields": {"parameter_set": 1, "info": "Bridge East", "x": 4500, "y": 2500, "width": 500, "height": 1000, "tint": "0xFFFFFF", "texture": "bridge_tex", "rotation": "1.57", "scale": "1.00", "timestamp": "2025-04-28T16:29:00.832Z", "updated": "2025-04-28T16:29:00.837Z"}}, {"model": "main.parametersetground", "pk": 7, "fields": {"parameter_set": 1, "info": "Bridge South", "x": 3500, "y": 3500, "width": 1000, "height": 500, "tint": "0xFFFFFF", "texture": "bridge_tex", "rotation": "0.00", "scale": "1.00", "timestamp": "2025-04-28T16:29:00.841Z", "updated": "2025-04-28T16:29:00.846Z"}}, {"model": "main.parametersetground", "pk": 8, "fields": {"parameter_set": 1, "info": "Bridge West", "x": 3000, "y": 2500, "width": 500, "height": 1000, "tint": "0xFFFFFF", "texture": "bridge_tex", "rotation": "1.57", "scale": "1.00", "timestamp": "2025-04-28T16:29:00.850Z", "updated": "2025-04-28T16:29:00.854Z"}}, {"model": "main.session", "pk": 1, "fields": {"parameter_set": 1, "creator": 1, "title": "Sample", "start_date": "2025-04-29", "channel_key": "aa916150-0b86-4ae1-a652-0a9b206c9cde", "session_key": "5e42017f-c32b-4aaa-998f-7cddf042785b", "id_string": "gbexgz", "controlling_channel": "specific.83845a7d705d427d893036be07aeba47!159929bc529744c8a9b3a4e5766cd385", "started": false, "shared": false, "locked": false, "invitation_text": "", "invitation_subject": "", "world_state": {"last_store": "2025-04-30T17:53:32.400"}, "replay_data": null, "website_instance_id": null, "soft_delete": false, "timestamp": "2025-04-25T17:03:38.938Z", "updated": "2025-04-30T17:53:10.370Z", "collaborators": []}}, {"model": "main.sessionplayer", "pk": 1, "fields": {"session": 1, "parameter_set_player": 1, "player_number": 1, "player_key": "c004b192-3e17-4493-8600-90985d7848da", "connecting": false, "connected_count": 0, "name": "", "student_id": "", "email": null, "earnings": 0, "name_submitted": false, "current_instruction": 1, "current_instruction_complete": 0, "instructions_finished": false, "survey_complete": false, "timestamp": "2025-04-28T16:29:00.867Z", "updated": "2025-04-30T17:53:20.590Z"}}, {"model": "main.sessionplayer", "pk": 2, "fields": {"session": 1, "parameter_set_player": 2, "player_number": 2, "player_key": "7c8cce21-1b05-4ff3-b688-b6d5c8ed2973", "connecting": false, "connected_count": 0, "name": "", "student_id": "", "email": null, "earnings": 0, "name_submitted": false, "current_instruction": 1, "current_instruction_complete": 0, "instructions_finished": false, "survey_complete": false, "timestamp": "2025-04-28T16:29:00.872Z", "updated": "2025-04-30T17:53:10.379Z"}}, {"model": "main.sessionplayer", "pk": 3, "fields": {"session": 1, "parameter_set_player": 3, "player_number": 3, "player_key": "aaff4daf-7da9-451e-b9da-5cf30b5ecfdc", "connecting": false, "connected_count": 0, "name": "", "student_id": "", "email": null, "earnings": 0, "name_submitted": false, "current_instruction": 1, "current_instruction_complete": 0, "instructions_finished": false, "survey_complete": false, "timestamp": "2025-04-28T16:29:00.878Z", "updated": "2025-04-30T17:53:10.381Z"}}, {"model": "main.sessionplayer", "pk": 4, "fields": {"session": 1, "parameter_set_player": 4, "player_number": 4, "player_key": "e0ea9725-f533-40b5-9519-e8b93ca037d3", "connecting": false, "connected_count": 0, "name": "", "student_id": "", "email": null, "earnings": 0, "name_submitted": false, "current_instruction": 1, "current_instruction_complete": 0, "instructions_finished": false, "survey_complete": false, "timestamp": "2025-04-28T16:29:00.883Z", "updated": "2025-04-30T17:53:10.384Z"}}, {"model": "main.sessionplayer", "pk": 5, "fields": {"session": 1, "parameter_set_player": 5, "player_number": 5, "player_key": "01b6c20e-35de-4d72-9dd7-dabfca5443dc", "connecting": false, "connected_count": 0, "name": "", "student_id": "", "email": null, "earnings": 0, "name_submitted": false, "current_instruction": 1, "current_instruction_complete": 0, "instructions_finished": false, "survey_complete": false, "timestamp": "2025-04-28T16:29:00.887Z", "updated": "2025-04-30T17:53:10.391Z"}}, {"model": "main.sessionplayer", "pk": 6, "fields": {"session": 1, "parameter_set_player": 6, "player_number": 6, "player_key": "c4728e13-6ae9-4c77-804e-17928bc992a1", "connecting": false, "connected_count": 0, "name": "", "student_id": "", "email": null, "earnings": 0, "name_submitted": false, "current_instruction": 1, "current_instruction_complete": 0, "instructions_finished": false, "survey_complete": false, "timestamp": "2025-04-28T16:29:00.891Z", "updated": "2025-04-30T17:53:10.393Z"}}, {"model": "main.sessionplayer", "pk": 7, "fields": {"session": 1, "parameter_set_player": 7, "player_number": 7, "player_key": "47d69937-2e9a-4c21-8789-188acaff0464", "connecting": false, "connected_count": 0, "name": "", "student_id": "", "email": null, "earnings": 0, "name_submitted": false, "current_instruction": 1, "current_instruction_complete": 0, "instructions_finished": false, "survey_complete": false, "timestamp": "2025-04-28T16:29:00.896Z", "updated": "2025-04-30T17:53:10.396Z"}}, {"model": "main.sessionplayer", "pk": 8, "fields": {"session": 1, "parameter_set_player": 8, "player_number": 8, "player_key": "e8660a14-0715-480e-baca-aa90adf7595d", "connecting": false, "connected_count": 0, "name": "", "student_id": "", "email": null, "earnings": 0, "name_submitted": false, "current_instruction": 1, "current_instruction_complete": 0, "instructions_finished": false, "survey_complete": false, "timestamp": "2025-04-28T16:29:00.900Z", "updated": "2025-04-30T17:53:10.398Z"}}, {"model": "main.sessionplayer", "pk": 9, "fields": {"session": 1, "parameter_set_player": 9, "player_number": 9, "player_key": "e051605c-b221-417b-8a21-fe438eeb35dc", "connecting": false, "connected_count": 0, "name": "", "student_id": "", "email": null, "earnings": 0, "name_submitted": false, "current_instruction": 1, "current_instruction_complete": 0, "instructions_finished": false, "survey_complete": false, "timestamp": "2025-04-28T16:29:00.904Z", "updated": "2025-04-30T17:53:10.400Z"}}, {"model": "main.sessionplayer", "pk": 10, "fields": {"session": 1, "parameter_set_player": 10, "player_number": 10, "player_key": "8bce947d-b380-4ec5-b17a-cb804dc36a85", "connecting": false, "connected_count": 0, "name": "", "student_id": "", "email": null, "earnings": 0, "name_submitted": false, "current_instruction": 1, "current_instruction_complete": 0, "instructions_finished": false, "survey_complete": false, "timestamp": "2025-04-28T16:29:00.908Z", "updated": "2025-04-30T17:53:10.402Z"}}, {"model": "main.sessionplayer", "pk": 11, "fields": {"session": 1, "parameter_set_player": 11, "player_number": 11, "player_key": "5642a987-2060-4476-ae9e-1dcc271c1bd5", "connecting": false, "connected_count": 0, "name": "", "student_id": "", "email": null, "earnings": 0, "name_submitted": false, "current_instruction": 1, "current_instruction_complete": 0, "instructions_finished": false, "survey_complete": false, "timestamp": "2025-04-28T16:29:00.916Z", "updated": "2025-04-30T17:53:10.404Z"}}, {"model": "main.sessionplayer", "pk": 12, "fields": {"session": 1, "parameter_set_player": 12, "player_number": 12, "player_key": "ad27d36f-6c45-4b09-bd2e-2151649d4c3c", "connecting": false, "connected_count": 0, "name": "", "student_id": "", "email": null, "earnings": 0, "name_submitted": false, "current_instruction": 1, "current_instruction_complete": 0, "instructions_finished": false, "survey_complete": false, "timestamp": "2025-04-28T16:29:00.922Z", "updated": "2025-04-30T17:53:10.407Z"}}, {"model": "main.sessionplayer", "pk": 13, "fields": {"session": 1, "parameter_set_player": 13, "player_number": 13, "player_key": "811eba35-36df-4dd1-b293-8db92129955d", "connecting": false, "connected_count": 0, "name": "", "student_id": "", "email": null, "earnings": 0, "name_submitted": false, "current_instruction": 1, "current_instruction_complete": 0, "instructions_finished": false, "survey_complete": false, "timestamp": "2025-04-28T16:29:00.927Z", "updated": "2025-04-30T17:53:10.409Z"}}, {"model": "main.sessionplayer", "pk": 14, "fields": {"session": 1, "parameter_set_player": 14, "player_number": 14, "player_key": "af626a1a-457b-4d7b-93d8-43179ba66791", "connecting": false, "connected_count": 0, "name": "", "student_id": "", "email": null, "earnings": 0, "name_submitted": false, "current_instruction": 1, "current_instruction_complete": 0, "instructions_finished": false, "survey_complete": false, "timestamp": "2025-04-28T16:29:00.931Z", "updated": "2025-04-30T17:53:10.411Z"}}, {"model": "main.sessionplayer", "pk": 15, "fields": {"session": 1, "parameter_set_player": 15, "player_number": 15, "player_key": "0766408a-8cae-4e1b-9e0a-43784add47bf", "connecting": false, "connected_count": 0, "name": "", "student_id": "", "email": null, "earnings": 0, "name_submitted": false, "current_instruction": 1, "current_instruction_complete": 0, "instructions_finished": false, "survey_complete": false, "timestamp": "2025-04-28T16:29:00.935Z", "updated": "2025-04-30T17:53:10.414Z"}}, {"model": "main.sessionplayer", "pk": 16, "fields": {"session": 1, "parameter_set_player": 16, "player_number": 16, "player_key": "3f2e8aa3-7d6c-44d9-ba31-f709f5e30e20", "connecting": false, "connected_count": 0, "name": "", "student_id": "", "email": null, "earnings": 0, "name_submitted": false, "current_instruction": 1, "current_instruction_complete": 0, "instructions_finished": false, "survey_complete": false, "timestamp": "2025-04-28T16:29:00.939Z", "updated": "2025-04-30T17:53:10.416Z"}}]